{
  "analysis_group": "main",
  "answer_loss": 1.7744711488485336,
  "average_eval_step_time_seconds": 0.010966193192871287,
  "average_train_step_time_seconds": 0.026866855625606454,
  "bank_read_slots": 18.0,
  "benchmark": {
    "bank_size": 4,
    "context_segments": 10,
    "distractor_density": 3,
    "family": "needle",
    "gap_segments": 6,
    "local_window": 4,
    "mode": "easy",
    "num_distractors": 4,
    "pattern_length": 3,
    "refresh_count": 2,
    "seed": 11,
    "segment_length": 8,
    "symbol_pool_size": 8,
    "upper_layer_only_refresh": true,
    "vocab_size": 64
  },
  "decode_tokens_per_second": 2726.7933707783536,
  "lm_loss": 1.3043168932199478,
  "metric_name": "accuracy",
  "metric_value": 0.34895834513008595,
  "model": {
    "bank_size": 4,
    "block_size": 8,
    "causal": true,
    "d_model": 64,
    "debug_mode": true,
    "detail_anchor_first": true,
    "detail_anchor_last": true,
    "detail_enabled": false,
    "detail_gate_enabled": true,
    "detail_saliency_slots": 2,
    "detail_slots": 4,
    "detail_topk": 2,
    "dropout_p": 0.0,
    "latent_slots": 8,
    "local_window": 4,
    "memory_blocks": 4,
    "model_type": "srd_block_refresh",
    "num_heads": 4,
    "num_layers": 4,
    "num_local_layers_post": 1,
    "num_local_layers_pre": 1,
    "refresh_count": 2,
    "refresh_dim": 64,
    "refresh_enabled": true,
    "refresh_slots": 2,
    "segment_length": 8,
    "sufficiency_loss_weight": 0.0,
    "upper_layer_only_refresh": true,
    "use_refresh": true,
    "vocab_size": 64
  },
  "notes": "Benchmark `needle` ran with variant `refresh_no_sufficiency` at block_size=8, refresh_slots=2, bank_size=4, upper_layer_only_refresh=True.",
  "parameter_count": 191680,
  "peak_memory_bytes": 26452480.0,
  "segment_count": 10.0,
  "sufficiency_loss": 0.7431324124336243,
  "sweep_name": "main",
  "task_category": "refresh_hostile",
  "task_label": "needle_long",
  "throughput_per_memory": 0.006618394013810206,
  "tokens_per_second": 175072.9352824342,
  "train_final_loss": 2.113945484161377,
  "train_initial_loss": 5.443427085876465,
  "train_loss_curve": [
    5.443427085876465,
    5.118217468261719,
    5.109555244445801,
    5.044129371643066,
    4.483301639556885,
    4.166711807250977,
    4.241611480712891,
    3.72739315032959,
    4.061732769012451,
    3.6247739791870117,
    3.6932454109191895,
    3.5513625144958496,
    3.4640936851501465,
    3.2754011154174805,
    3.1914491653442383,
    3.01509165763855,
    3.036160945892334,
    2.879969596862793,
    2.8488314151763916,
    2.907735586166382,
    2.8418564796447754,
    2.6822257041931152,
    2.592047691345215,
    2.5528082847595215,
    2.566462516784668,
    2.6128947734832764,
    2.707510471343994,
    2.649144172668457,
    2.5788345336914062,
    2.512669086456299,
    2.5540263652801514,
    2.5088775157928467,
    2.485684871673584,
    2.483004331588745,
    2.438373565673828,
    2.434282064437866,
    2.525491237640381,
    2.5186357498168945,
    2.4541804790496826,
    2.4628653526306152,
    2.474059581756592,
    2.4939489364624023,
    2.4532358646392822,
    2.4931600093841553,
    2.447085380554199,
    2.392219066619873,
    2.4418106079101562,
    2.5270650386810303,
    2.4627397060394287,
    2.600358009338379,
    2.4712448120117188,
    2.5401835441589355,
    2.428183078765869,
    2.4055075645446777,
    2.3599088191986084,
    2.372314453125,
    2.5509064197540283,
    2.358513832092285,
    2.54042387008667,
    2.42584490776062,
    2.4374823570251465,
    2.389986753463745,
    2.3992702960968018,
    2.43951153755188,
    2.43265700340271,
    2.4436001777648926,
    2.383401870727539,
    2.385817050933838,
    2.3047332763671875,
    2.3729255199432373,
    2.506927728652954,
    2.407320499420166,
    2.4391069412231445,
    2.386577606201172,
    2.3701605796813965,
    2.2833199501037598,
    2.321328639984131,
    2.2637522220611572,
    2.2866499423980713,
    2.2314791679382324,
    2.4182705879211426,
    2.1849794387817383,
    2.313633441925049,
    2.423614025115967,
    2.184307336807251,
    2.2084484100341797,
    2.3638343811035156,
    2.1294336318969727,
    2.2010788917541504,
    2.2287328243255615,
    2.062180995941162,
    2.204573154449463,
    2.076997756958008,
    2.214019536972046,
    2.198113203048706,
    2.178384304046631,
    2.085456132888794,
    2.080876350402832,
    2.2004292011260986,
    2.21549391746521,
    2.225921869277954,
    2.2348413467407227,
    2.0828287601470947,
    2.127462387084961,
    2.0637965202331543,
    2.086005449295044,
    2.017364501953125,
    1.9920003414154053,
    1.9232487678527832,
    1.9550092220306396,
    2.2755777835845947,
    2.1937355995178223,
    2.0568416118621826,
    2.1239967346191406,
    2.084596633911133,
    2.145994186401367,
    2.155775785446167,
    2.186166524887085,
    2.1119213104248047,
    2.113945484161377
  ],
  "train_sufficiency_curve": [
    0.4469428062438965,
    0.4377920627593994,
    0.43678656220436096,
    0.43388402462005615,
    0.4394988417625427,
    0.47264882922172546,
    0.5362725257873535,
    0.6327755451202393,
    0.7367278337478638,
    0.8311164379119873,
    0.9788013100624084,
    1.1161593198776245,
    1.1942522525787354,
    1.222548007965088,
    1.156457543373108,
    1.0298336744308472,
    0.9526863694190979,
    0.9014942049980164,
    0.8318582773208618,
    0.7550684809684753,
    0.6678447127342224,
    0.6110413074493408,
    0.5851079821586609,
    0.5832367539405823,
    0.628490149974823,
    0.6587449312210083,
    0.6908022165298462,
    0.7563154697418213,
    0.8175768256187439,
    0.9088442921638489,
    0.9861071705818176,
    0.9543420076370239,
    0.900171160697937,
    0.8723228573799133,
    0.910354733467102,
    0.9896162748336792,
    1.086363434791565,
    1.0915933847427368,
    1.032715082168579,
    0.8920994400978088,
    0.7578378915786743,
    0.6477395296096802,
    0.56114661693573,
    0.5139250159263611,
    0.5030600428581238,
    0.4850802421569824,
    0.4640444219112396,
    0.47440358996391296,
    0.5009577870368958,
    0.509861409664154,
    0.529326319694519,
    0.5616521239280701,
    0.604076087474823,
    0.6197230815887451,
    0.6229525208473206,
    0.6339624524116516,
    0.6600165963172913,
    0.687807023525238,
    0.6985584497451782,
    0.6752116084098816,
    0.6603074073791504,
    0.6350180506706238,
    0.6398138999938965,
    0.6603744029998779,
    0.7088740468025208,
    0.736173689365387,
    0.7640231251716614,
    0.8000269532203674,
    0.8535429239273071,
    0.8858431577682495,
    0.8962180614471436,
    0.9150938987731934,
    0.8844962120056152,
    0.8348015546798706,
    0.7551658153533936,
    0.6835122108459473,
    0.6003740429878235,
    0.6379795670509338,
    0.5767620205879211,
    0.8340834379196167,
    0.8497999906539917,
    0.7051275968551636,
    0.7602642178535461,
    0.7928809523582458,
    0.8390952348709106,
    0.6810568571090698,
    0.8462743759155273,
    0.7638248205184937,
    0.6272942423820496,
    0.6064587235450745,
    0.6596611738204956,
    0.7288743257522583,
    0.6586105823516846,
    0.6494278907775879,
    0.7547569274902344,
    0.7374104857444763,
    0.7951960563659668,
    0.6626392006874084,
    0.713211715221405,
    0.7451481223106384,
    0.7458466291427612,
    0.715200662612915,
    0.7772114872932434,
    0.7265347838401794,
    0.7713634371757507,
    0.7665498852729797,
    0.8070612549781799,
    0.7475176453590393,
    0.8345960974693298,
    0.766614556312561,
    0.6693465113639832,
    0.7667801380157471,
    0.7237880825996399,
    0.7981663346290588,
    0.7618870139122009,
    0.8371762037277222,
    0.7800052762031555,
    0.8144974112510681,
    0.8354458212852478,
    0.8417200446128845
  ],
  "trainable_parameter_count": 191680,
  "variant": "refresh_no_sufficiency"
}