{
  "analysis_group": "main",
  "answer_loss": 1.6084977239370346,
  "average_eval_step_time_seconds": 0.011080131735070609,
  "average_train_step_time_seconds": 0.026686202085693368,
  "bank_read_slots": 18.0,
  "benchmark": {
    "bank_size": 4,
    "context_segments": 10,
    "distractor_density": 3,
    "family": "needle",
    "gap_segments": 6,
    "local_window": 4,
    "mode": "easy",
    "num_distractors": 4,
    "pattern_length": 3,
    "refresh_count": 2,
    "seed": 23,
    "segment_length": 8,
    "symbol_pool_size": 8,
    "upper_layer_only_refresh": true,
    "vocab_size": 64
  },
  "decode_tokens_per_second": 2687.5796205501338,
  "lm_loss": 1.3554202616214752,
  "metric_name": "accuracy",
  "metric_value": 0.3177083469927311,
  "model": {
    "bank_size": 4,
    "block_size": 8,
    "causal": true,
    "d_model": 64,
    "debug_mode": true,
    "detail_anchor_first": true,
    "detail_anchor_last": true,
    "detail_enabled": false,
    "detail_gate_enabled": true,
    "detail_saliency_slots": 2,
    "detail_slots": 4,
    "detail_topk": 2,
    "dropout_p": 0.0,
    "latent_slots": 8,
    "local_window": 4,
    "memory_blocks": 4,
    "model_type": "srd_block_refresh",
    "num_heads": 4,
    "num_layers": 4,
    "num_local_layers_post": 1,
    "num_local_layers_pre": 1,
    "refresh_count": 2,
    "refresh_dim": 64,
    "refresh_enabled": true,
    "refresh_slots": 2,
    "segment_length": 8,
    "sufficiency_loss_weight": 0.0,
    "upper_layer_only_refresh": true,
    "use_refresh": true,
    "vocab_size": 64
  },
  "notes": "Benchmark `needle` ran with variant `refresh_no_sufficiency` at block_size=8, refresh_slots=2, bank_size=4, upper_layer_only_refresh=True.",
  "parameter_count": 191680,
  "peak_memory_bytes": 26452480.0,
  "segment_count": 10.0,
  "sufficiency_loss": 1.1513309925794601,
  "sweep_name": "main",
  "task_category": "refresh_hostile",
  "task_label": "needle_long",
  "throughput_per_memory": 0.006550286832410776,
  "tokens_per_second": 173271.3314286094,
  "train_final_loss": 1.9601744413375854,
  "train_initial_loss": 6.0407209396362305,
  "train_loss_curve": [
    6.0407209396362305,
    5.788771629333496,
    5.71824836730957,
    5.452780723571777,
    5.1273112297058105,
    4.752323627471924,
    4.593559741973877,
    4.353450775146484,
    3.939924955368042,
    3.8924002647399902,
    3.698949098587036,
    3.661773443222046,
    3.614687204360962,
    3.466148614883423,
    3.2825450897216797,
    3.1452221870422363,
    3.0459952354431152,
    3.0801496505737305,
    3.006154775619507,
    2.9555952548980713,
    2.830667734146118,
    2.654668092727661,
    2.78177809715271,
    2.592252016067505,
    2.676617383956909,
    2.596285581588745,
    2.5442466735839844,
    2.6204283237457275,
    2.5382697582244873,
    2.5861825942993164,
    2.5509259700775146,
    2.576291084289551,
    2.52083158493042,
    2.4872567653656006,
    2.4840948581695557,
    2.4375364780426025,
    2.638432502746582,
    2.6604042053222656,
    2.4463884830474854,
    2.482290029525757,
    2.567925453186035,
    2.4911229610443115,
    2.5219125747680664,
    2.4524998664855957,
    2.39359974861145,
    2.5015525817871094,
    2.4316954612731934,
    2.568605899810791,
    2.4717905521392822,
    2.5310490131378174,
    2.4799201488494873,
    2.396757125854492,
    2.3697402477264404,
    2.3740715980529785,
    2.45395565032959,
    2.550792694091797,
    2.379556894302368,
    2.497770071029663,
    2.4373276233673096,
    2.44561767578125,
    2.4244961738586426,
    2.4658374786376953,
    2.336577892303467,
    2.4639034271240234,
    2.359239339828491,
    2.347938060760498,
    2.305864095687866,
    2.2981958389282227,
    2.2941598892211914,
    2.138908863067627,
    2.3423428535461426,
    2.1836156845092773,
    2.45108699798584,
    2.715280055999756,
    2.449448347091675,
    2.429949998855591,
    2.331608533859253,
    2.350168228149414,
    2.14615535736084,
    2.2760298252105713,
    2.1853368282318115,
    2.285399913787842,
    2.181694984436035,
    2.1709845066070557,
    2.1224894523620605,
    2.1147894859313965,
    2.1572940349578857,
    2.2354958057403564,
    2.3061985969543457,
    2.158050537109375,
    2.131647825241089,
    2.116180896759033,
    2.0879595279693604,
    2.0293235778808594,
    2.083683967590332,
    2.0437252521514893,
    2.0520293712615967,
    1.9708648920059204,
    1.9945204257965088,
    2.0675809383392334,
    2.070268154144287,
    1.99187433719635,
    1.9748246669769287,
    1.9720546007156372,
    1.9465628862380981,
    1.8729095458984375,
    1.9544881582260132,
    1.9694757461547852,
    1.9662306308746338,
    1.9819056987762451,
    1.9834253787994385,
    2.0154480934143066,
    1.9677231311798096,
    1.8504260778427124,
    1.920334815979004,
    1.968759298324585,
    1.9513977766036987,
    1.9712083339691162,
    1.9614129066467285,
    1.9601744413375854
  ],
  "train_sufficiency_curve": [
    0.3974463641643524,
    0.4009147882461548,
    0.40198519825935364,
    0.4140467047691345,
    0.435102254152298,
    0.480820894241333,
    0.5401804447174072,
    0.6252785325050354,
    0.7495066523551941,
    0.8874788284301758,
    1.0228204727172852,
    1.1071863174438477,
    1.163318395614624,
    1.2333300113677979,
    1.2554762363433838,
    1.1706453561782837,
    1.045586109161377,
    0.9004539251327515,
    0.8287918567657471,
    0.776250422000885,
    0.7765858769416809,
    0.7798323035240173,
    0.7533584833145142,
    0.7694469690322876,
    0.779704213142395,
    0.788701593875885,
    0.8109405636787415,
    0.8045263886451721,
    0.7752048969268799,
    0.7778998017311096,
    0.8078921437263489,
    0.8259314298629761,
    0.8501975536346436,
    0.8720225691795349,
    0.9112852811813354,
    0.9422181248664856,
    0.917525053024292,
    0.8822893500328064,
    0.8078780770301819,
    0.7526572942733765,
    0.7362276315689087,
    0.7040730118751526,
    0.6987239718437195,
    0.6815997362136841,
    0.6784645915031433,
    0.7068434357643127,
    0.7947683334350586,
    0.9062690734863281,
    0.872249186038971,
    0.7005752921104431,
    0.5793659687042236,
    0.52512127161026,
    0.5413165092468262,
    0.5516483187675476,
    0.5820678472518921,
    0.6264248490333557,
    0.6317765116691589,
    0.6595293879508972,
    0.7124434113502502,
    0.7589741349220276,
    0.7637895941734314,
    0.7651485800743103,
    0.707065999507904,
    0.8431601524353027,
    0.8989130854606628,
    0.8696129322052002,
    0.7106289863586426,
    0.75420081615448,
    0.7995578646659851,
    0.8415580987930298,
    0.9498234391212463,
    1.1013360023498535,
    1.983288288116455,
    2.2214298248291016,
    2.0792739391326904,
    1.2566508054733276,
    0.8840870261192322,
    0.9822912216186523,
    0.8777958154678345,
    0.8118644952774048,
    0.7595289945602417,
    0.8348211646080017,
    0.7960807085037231,
    0.8299652338027954,
    0.9461764693260193,
    1.042933464050293,
    1.014033555984497,
    0.9338126182556152,
    1.1297951936721802,
    1.1363470554351807,
    1.2182347774505615,
    1.0282880067825317,
    1.1097702980041504,
    1.270276427268982,
    1.0680474042892456,
    1.0177600383758545,
    0.9888707399368286,
    1.2094839811325073,
    1.215559482574463,
    1.1866950988769531,
    1.0785846710205078,
    1.0065380334854126,
    1.097050428390503,
    1.0685335397720337,
    1.1273155212402344,
    1.2417107820510864,
    1.176806926727295,
    1.2597393989562988,
    1.0715826749801636,
    1.0542099475860596,
    1.0379186868667603,
    0.951767086982727,
    0.9603171348571777,
    1.2373933792114258,
    1.2816338539123535,
    1.212821364402771,
    1.150077223777771,
    1.1113404035568237,
    1.052972674369812,
    1.1790322065353394
  ],
  "trainable_parameter_count": 191680,
  "variant": "refresh_no_sufficiency"
}