{
  "analysis_group": "main",
  "answer_loss": 2.104922592639923,
  "average_eval_step_time_seconds": 0.007111098981113173,
  "average_train_step_time_seconds": 0.016940126680613805,
  "bank_read_slots": 0.0,
  "benchmark": {
    "bank_size": 4,
    "context_segments": 10,
    "distractor_density": 3,
    "family": "needle",
    "gap_segments": 6,
    "local_window": 4,
    "mode": "easy",
    "num_distractors": 4,
    "pattern_length": 3,
    "refresh_count": 2,
    "seed": 23,
    "segment_length": 8,
    "symbol_pool_size": 8,
    "upper_layer_only_refresh": true,
    "vocab_size": 64
  },
  "decode_tokens_per_second": 4746.192460536672,
  "lm_loss": 1.2417392879724503,
  "metric_name": "accuracy",
  "metric_value": 0.1302083353511989,
  "model": {
    "bank_size": 4,
    "block_size": 8,
    "causal": true,
    "d_model": 64,
    "debug_mode": true,
    "detail_anchor_first": true,
    "detail_anchor_last": true,
    "detail_enabled": false,
    "detail_gate_enabled": true,
    "detail_saliency_slots": 2,
    "detail_slots": 4,
    "detail_topk": 2,
    "dropout_p": 0.0,
    "latent_slots": 8,
    "local_window": 4,
    "memory_blocks": 4,
    "model_type": "srd_block_refresh",
    "num_heads": 4,
    "num_layers": 4,
    "num_local_layers_post": 1,
    "num_local_layers_pre": 1,
    "refresh_count": 2,
    "refresh_dim": 64,
    "refresh_enabled": false,
    "refresh_slots": 2,
    "segment_length": 8,
    "sufficiency_loss_weight": 0.0,
    "upper_layer_only_refresh": true,
    "use_refresh": false,
    "vocab_size": 64
  },
  "notes": "Benchmark `needle` ran with variant `local_only` at block_size=8, refresh_slots=2, bank_size=4, upper_layer_only_refresh=True.",
  "parameter_count": 191680,
  "peak_memory_bytes": 24679936.0,
  "segment_count": 10.0,
  "sufficiency_loss": 0.0,
  "sweep_name": "main",
  "task_category": "refresh_hostile",
  "task_label": "needle_long",
  "throughput_per_memory": 0.01093897934959371,
  "tokens_per_second": 269973.31025329436,
  "train_final_loss": 2.3980088233947754,
  "train_initial_loss": 5.758530616760254,
  "train_loss_curve": [
    5.758530616760254,
    5.530356407165527,
    5.423947811126709,
    5.08915901184082,
    4.783945083618164,
    4.626707077026367,
    4.681783199310303,
    4.528756141662598,
    4.388786315917969,
    3.8676466941833496,
    3.7555034160614014,
    3.731590509414673,
    3.541778802871704,
    3.4146697521209717,
    3.2804410457611084,
    3.065718412399292,
    3.040052652359009,
    3.064737319946289,
    2.998687267303467,
    2.883115291595459,
    2.8185765743255615,
    2.7235169410705566,
    2.7667932510375977,
    2.6227424144744873,
    2.6610989570617676,
    2.560891628265381,
    2.548920154571533,
    2.5897395610809326,
    2.564286708831787,
    2.581989288330078,
    2.532879590988159,
    2.5665011405944824,
    2.5138931274414062,
    2.4754555225372314,
    2.478789806365967,
    2.4521608352661133,
    2.6008150577545166,
    2.5492560863494873,
    2.4474897384643555,
    2.5017075538635254,
    2.528186559677124,
    2.5346839427948,
    2.4631104469299316,
    2.4780709743499756,
    2.433407783508301,
    2.4760379791259766,
    2.373931646347046,
    2.4465718269348145,
    2.4743359088897705,
    2.5352444648742676,
    2.4544730186462402,
    2.4673573970794678,
    2.374142646789551,
    2.380194664001465,
    2.393605947494507,
    2.466477394104004,
    2.377023220062256,
    2.469454050064087,
    2.4398715496063232,
    2.4420199394226074,
    2.4222538471221924,
    2.4932026863098145,
    2.46418833732605,
    2.4451470375061035,
    2.379995107650757,
    2.4201624393463135,
    2.4470512866973877,
    2.407547950744629,
    2.3894026279449463,
    2.3620848655700684,
    2.454420328140259,
    2.4262924194335938,
    2.425044536590576,
    2.4713258743286133,
    2.4855923652648926,
    2.4242031574249268,
    2.444192886352539,
    2.496190309524536,
    2.3446106910705566,
    2.4388628005981445,
    2.3667776584625244,
    2.4679954051971436,
    2.4054324626922607,
    2.4303107261657715,
    2.4180517196655273,
    2.4460690021514893,
    2.413224220275879,
    2.4067482948303223,
    2.3944015502929688,
    2.382158041000366,
    2.3944272994995117,
    2.391756057739258,
    2.3849527835845947,
    2.3805320262908936,
    2.4134905338287354,
    2.407583475112915,
    2.378729820251465,
    2.4212965965270996,
    2.424675941467285,
    2.388521671295166,
    2.4151978492736816,
    2.3711097240448,
    2.404484510421753,
    2.381855010986328,
    2.411929130554199,
    2.413616895675659,
    2.4026806354522705,
    2.372185707092285,
    2.4131288528442383,
    2.3876800537109375,
    2.392477512359619,
    2.3936004638671875,
    2.388911008834839,
    2.389636754989624,
    2.3753316402435303,
    2.3922619819641113,
    2.397408962249756,
    2.380613088607788,
    2.3901779651641846,
    2.3980088233947754
  ],
  "train_sufficiency_curve": [
    0.0,
    0.0,
    0.0,
    0.0,
    0.0,
    0.0,
    0.0,
    0.0,
    0.0,
    0.0,
    0.0,
    0.0,
    0.0,
    0.0,
    0.0,
    0.0,
    0.0,
    0.0,
    0.0,
    0.0,
    0.0,
    0.0,
    0.0,
    0.0,
    0.0,
    0.0,
    0.0,
    0.0,
    0.0,
    0.0,
    0.0,
    0.0,
    0.0,
    0.0,
    0.0,
    0.0,
    0.0,
    0.0,
    0.0,
    0.0,
    0.0,
    0.0,
    0.0,
    0.0,
    0.0,
    0.0,
    0.0,
    0.0,
    0.0,
    0.0,
    0.0,
    0.0,
    0.0,
    0.0,
    0.0,
    0.0,
    0.0,
    0.0,
    0.0,
    0.0,
    0.0,
    0.0,
    0.0,
    0.0,
    0.0,
    0.0,
    0.0,
    0.0,
    0.0,
    0.0,
    0.0,
    0.0,
    0.0,
    0.0,
    0.0,
    0.0,
    0.0,
    0.0,
    0.0,
    0.0,
    0.0,
    0.0,
    0.0,
    0.0,
    0.0,
    0.0,
    0.0,
    0.0,
    0.0,
    0.0,
    0.0,
    0.0,
    0.0,
    0.0,
    0.0,
    0.0,
    0.0,
    0.0,
    0.0,
    0.0,
    0.0,
    0.0,
    0.0,
    0.0,
    0.0,
    0.0,
    0.0,
    0.0,
    0.0,
    0.0,
    0.0,
    0.0,
    0.0,
    0.0,
    0.0,
    0.0,
    0.0,
    0.0,
    0.0,
    0.0
  ],
  "trainable_parameter_count": 191680,
  "variant": "local_only"
}