{
  "analysis_group": "main",
  "answer_loss": 2.1061358749866486,
  "average_eval_step_time_seconds": 0.007135818377719261,
  "average_train_step_time_seconds": 0.017024674931114227,
  "bank_read_slots": 0.0,
  "benchmark": {
    "bank_size": 4,
    "context_segments": 10,
    "distractor_density": 3,
    "family": "needle",
    "gap_segments": 6,
    "local_window": 4,
    "mode": "easy",
    "num_distractors": 4,
    "pattern_length": 3,
    "refresh_count": 2,
    "seed": 17,
    "segment_length": 8,
    "symbol_pool_size": 8,
    "upper_layer_only_refresh": true,
    "vocab_size": 64
  },
  "decode_tokens_per_second": 4764.136588946975,
  "lm_loss": 1.1596313118934631,
  "metric_name": "accuracy",
  "metric_value": 0.1302083358168602,
  "model": {
    "bank_size": 4,
    "block_size": 8,
    "causal": true,
    "d_model": 64,
    "debug_mode": true,
    "detail_anchor_first": true,
    "detail_anchor_last": true,
    "detail_enabled": false,
    "detail_gate_enabled": true,
    "detail_saliency_slots": 2,
    "detail_slots": 4,
    "detail_topk": 2,
    "dropout_p": 0.0,
    "latent_slots": 8,
    "local_window": 4,
    "memory_blocks": 4,
    "model_type": "srd_block_refresh",
    "num_heads": 4,
    "num_layers": 4,
    "num_local_layers_post": 1,
    "num_local_layers_pre": 1,
    "refresh_count": 2,
    "refresh_dim": 64,
    "refresh_enabled": false,
    "refresh_slots": 2,
    "segment_length": 8,
    "sufficiency_loss_weight": 0.0,
    "upper_layer_only_refresh": true,
    "use_refresh": false,
    "vocab_size": 64
  },
  "notes": "Benchmark `needle` ran with variant `local_only` at block_size=8, refresh_slots=2, bank_size=4, upper_layer_only_refresh=True.",
  "parameter_count": 191680,
  "peak_memory_bytes": 24679936.0,
  "segment_count": 10.0,
  "sufficiency_loss": 0.0,
  "sweep_name": "main",
  "task_category": "refresh_hostile",
  "task_label": "needle_long",
  "throughput_per_memory": 0.010901108625738844,
  "tokens_per_second": 269038.66321228264,
  "train_final_loss": 2.3694045543670654,
  "train_initial_loss": 5.322320461273193,
  "train_loss_curve": [
    5.322320461273193,
    5.15870475769043,
    5.317477703094482,
    4.930783748626709,
    4.9071197509765625,
    4.799499034881592,
    4.586372375488281,
    4.295811653137207,
    3.8355870246887207,
    3.8408353328704834,
    3.6440985202789307,
    3.484116315841675,
    3.363133430480957,
    3.172927141189575,
    3.064878463745117,
    2.9622862339019775,
    2.9774858951568604,
    2.8412890434265137,
    2.8400237560272217,
    2.8377225399017334,
    2.8023626804351807,
    2.7848610877990723,
    2.5360848903656006,
    2.621471881866455,
    2.579197406768799,
    2.616133689880371,
    2.5611765384674072,
    2.5637316703796387,
    2.5456693172454834,
    2.5845401287078857,
    2.561504364013672,
    2.5119388103485107,
    2.5216007232666016,
    2.4722979068756104,
    2.5416207313537598,
    2.5000734329223633,
    2.51589298248291,
    2.556265354156494,
    2.424196243286133,
    2.422032356262207,
    2.533858299255371,
    2.5158183574676514,
    2.4660632610321045,
    2.4009904861450195,
    2.5226924419403076,
    2.5201363563537598,
    2.496842622756958,
    2.45595383644104,
    2.402865409851074,
    2.4245874881744385,
    2.468735933303833,
    2.4955525398254395,
    2.4845504760742188,
    2.4212779998779297,
    2.4800479412078857,
    2.4867823123931885,
    2.447380542755127,
    2.399718761444092,
    2.4975595474243164,
    2.39754056930542,
    2.387078285217285,
    2.404006004333496,
    2.49261212348938,
    2.4250454902648926,
    2.4125332832336426,
    2.3386688232421875,
    2.3954315185546875,
    2.376655340194702,
    2.37306809425354,
    2.3250443935394287,
    2.490840196609497,
    2.435246467590332,
    2.399808645248413,
    2.431708335876465,
    2.3721983432769775,
    2.398275852203369,
    2.345141887664795,
    2.317448139190674,
    2.357008457183838,
    2.3093464374542236,
    2.350682497024536,
    2.3457765579223633,
    2.324906826019287,
    2.344268798828125,
    2.3208775520324707,
    2.302905797958374,
    2.318129777908325,
    2.326747179031372,
    2.3362090587615967,
    2.343756914138794,
    2.3197543621063232,
    2.285508155822754,
    2.3374874591827393,
    2.3573496341705322,
    2.341778039932251,
    2.3320953845977783,
    2.31929349899292,
    2.3534839153289795,
    2.2861649990081787,
    2.34297776222229,
    2.311647891998291,
    2.3390095233917236,
    2.35868763923645,
    2.3703298568725586,
    2.3192315101623535,
    2.3346009254455566,
    2.3211381435394287,
    2.3525261878967285,
    2.3342504501342773,
    2.354168176651001,
    2.27276611328125,
    2.3434317111968994,
    2.3123764991760254,
    2.357591390609741,
    2.327528238296509,
    2.3276283740997314,
    2.3453330993652344,
    2.324004888534546,
    2.366321325302124,
    2.3694045543670654
  ],
  "train_sufficiency_curve": [
    0.0,
    0.0,
    0.0,
    0.0,
    0.0,
    0.0,
    0.0,
    0.0,
    0.0,
    0.0,
    0.0,
    0.0,
    0.0,
    0.0,
    0.0,
    0.0,
    0.0,
    0.0,
    0.0,
    0.0,
    0.0,
    0.0,
    0.0,
    0.0,
    0.0,
    0.0,
    0.0,
    0.0,
    0.0,
    0.0,
    0.0,
    0.0,
    0.0,
    0.0,
    0.0,
    0.0,
    0.0,
    0.0,
    0.0,
    0.0,
    0.0,
    0.0,
    0.0,
    0.0,
    0.0,
    0.0,
    0.0,
    0.0,
    0.0,
    0.0,
    0.0,
    0.0,
    0.0,
    0.0,
    0.0,
    0.0,
    0.0,
    0.0,
    0.0,
    0.0,
    0.0,
    0.0,
    0.0,
    0.0,
    0.0,
    0.0,
    0.0,
    0.0,
    0.0,
    0.0,
    0.0,
    0.0,
    0.0,
    0.0,
    0.0,
    0.0,
    0.0,
    0.0,
    0.0,
    0.0,
    0.0,
    0.0,
    0.0,
    0.0,
    0.0,
    0.0,
    0.0,
    0.0,
    0.0,
    0.0,
    0.0,
    0.0,
    0.0,
    0.0,
    0.0,
    0.0,
    0.0,
    0.0,
    0.0,
    0.0,
    0.0,
    0.0,
    0.0,
    0.0,
    0.0,
    0.0,
    0.0,
    0.0,
    0.0,
    0.0,
    0.0,
    0.0,
    0.0,
    0.0,
    0.0,
    0.0,
    0.0,
    0.0,
    0.0,
    0.0
  ],
  "trainable_parameter_count": 191680,
  "variant": "local_only"
}