{
  "analysis_group": "main",
  "answer_loss": 1.583940252661705,
  "average_eval_step_time_seconds": 0.010910673372563906,
  "average_train_step_time_seconds": 0.02678789642523043,
  "bank_read_slots": 18.0,
  "benchmark": {
    "bank_size": 4,
    "context_segments": 10,
    "distractor_density": 3,
    "family": "needle",
    "gap_segments": 6,
    "local_window": 4,
    "mode": "easy",
    "num_distractors": 4,
    "pattern_length": 3,
    "refresh_count": 2,
    "seed": 17,
    "segment_length": 8,
    "symbol_pool_size": 8,
    "upper_layer_only_refresh": true,
    "vocab_size": 64
  },
  "decode_tokens_per_second": 2744.767792594095,
  "lm_loss": 1.3409931361675262,
  "metric_name": "accuracy",
  "metric_value": 0.401041679084301,
  "model": {
    "bank_size": 4,
    "block_size": 8,
    "causal": true,
    "d_model": 64,
    "debug_mode": true,
    "detail_anchor_first": true,
    "detail_anchor_last": true,
    "detail_enabled": false,
    "detail_gate_enabled": true,
    "detail_saliency_slots": 2,
    "detail_slots": 4,
    "detail_topk": 2,
    "dropout_p": 0.0,
    "latent_slots": 8,
    "local_window": 4,
    "memory_blocks": 4,
    "model_type": "srd_block_refresh",
    "num_heads": 4,
    "num_layers": 4,
    "num_local_layers_post": 1,
    "num_local_layers_pre": 1,
    "refresh_count": 2,
    "refresh_dim": 64,
    "refresh_enabled": true,
    "refresh_slots": 2,
    "segment_length": 8,
    "sufficiency_loss_weight": 0.0,
    "upper_layer_only_refresh": true,
    "use_refresh": true,
    "vocab_size": 64
  },
  "notes": "Benchmark `needle` ran with variant `refresh_no_sufficiency` at block_size=8, refresh_slots=2, bank_size=4, upper_layer_only_refresh=True.",
  "parameter_count": 191680,
  "peak_memory_bytes": 26452480.0,
  "segment_count": 10.0,
  "sufficiency_loss": 0.8621479049324989,
  "sweep_name": "main",
  "task_category": "refresh_hostile",
  "task_label": "needle_long",
  "throughput_per_memory": 0.006652075246797802,
  "tokens_per_second": 175963.88742441393,
  "train_final_loss": 1.868225336074829,
  "train_initial_loss": 5.298366069793701,
  "train_loss_curve": [
    5.298366069793701,
    5.280782699584961,
    5.116129398345947,
    5.4006571769714355,
    4.744819641113281,
    4.7459821701049805,
    4.171748161315918,
    3.9190430641174316,
    3.906008005142212,
    3.6437268257141113,
    3.6154160499572754,
    3.4868226051330566,
    3.28334641456604,
    3.489514112472534,
    3.3937692642211914,
    3.2548584938049316,
    3.012627363204956,
    2.945193290710449,
    2.8885679244995117,
    2.8048362731933594,
    2.787315607070923,
    2.7810466289520264,
    2.695469856262207,
    2.6574676036834717,
    2.643932819366455,
    2.543672800064087,
    2.559262275695801,
    2.589224338531494,
    2.5205931663513184,
    2.58715558052063,
    2.5199227333068848,
    2.508821964263916,
    2.469269037246704,
    2.4747958183288574,
    2.5057294368743896,
    2.5095131397247314,
    2.525136947631836,
    2.570777416229248,
    2.391583204269409,
    2.426515579223633,
    2.4582371711730957,
    2.507983684539795,
    2.400705099105835,
    2.462002992630005,
    2.4307217597961426,
    2.552882432937622,
    2.538475275039673,
    2.461545467376709,
    2.3387815952301025,
    2.467611789703369,
    2.4685771465301514,
    2.4373340606689453,
    2.507160186767578,
    2.4366776943206787,
    2.487412214279175,
    2.4407007694244385,
    2.3794384002685547,
    2.4241087436676025,
    2.4153738021850586,
    2.4213147163391113,
    2.462421417236328,
    2.3924360275268555,
    2.3886911869049072,
    2.386892080307007,
    2.382829189300537,
    2.355689287185669,
    2.407477617263794,
    2.3745932579040527,
    2.3684377670288086,
    2.255537509918213,
    2.439465045928955,
    2.3117928504943848,
    2.335397958755493,
    2.5767107009887695,
    2.380074977874756,
    2.2599217891693115,
    2.3025784492492676,
    2.4355885982513428,
    2.364966869354248,
    2.1791326999664307,
    2.2924857139587402,
    2.3088104724884033,
    2.230464220046997,
    2.176373243331909,
    2.2125000953674316,
    2.1591508388519287,
    2.029163122177124,
    2.02449107170105,
    2.1539456844329834,
    1.9899775981903076,
    2.4847562313079834,
    2.2972397804260254,
    2.0372519493103027,
    2.084831476211548,
    2.026458263397217,
    2.0225443840026855,
    1.9977576732635498,
    1.950760841369629,
    2.0174527168273926,
    1.9169937372207642,
    1.864176630973816,
    1.974769115447998,
    1.9315574169158936,
    1.9671509265899658,
    1.9529558420181274,
    1.9124562740325928,
    1.8286782503128052,
    1.9510663747787476,
    1.8621071577072144,
    2.0381088256835938,
    1.8960208892822266,
    1.883551001548767,
    1.835006833076477,
    1.9132835865020752,
    1.9083937406539917,
    1.895708441734314,
    1.9295696020126343,
    1.8214960098266602,
    1.8852412700653076,
    1.868225336074829
  ],
  "train_sufficiency_curve": [
    0.36916711926460266,
    0.36823686957359314,
    0.37368646264076233,
    0.3861064910888672,
    0.40981316566467285,
    0.45739156007766724,
    0.525777280330658,
    0.636714518070221,
    0.7493078708648682,
    0.8809372782707214,
    0.9733039736747742,
    0.9642153382301331,
    0.8897024393081665,
    0.7771547436714172,
    0.7088172435760498,
    0.7161421775817871,
    0.7656283974647522,
    0.823527991771698,
    0.8652018308639526,
    0.8503138422966003,
    0.8011618256568909,
    0.7354411482810974,
    0.688951313495636,
    0.6901903748512268,
    0.6718779802322388,
    0.6769351363182068,
    0.6862590909004211,
    0.6965853571891785,
    0.7111847400665283,
    0.7281016707420349,
    0.7527859210968018,
    0.7999681830406189,
    0.8758833408355713,
    0.9531221985816956,
    1.0247461795806885,
    1.0412384271621704,
    0.9857349395751953,
    0.902163028717041,
    0.8441213965415955,
    0.7880038022994995,
    0.7930632829666138,
    0.7956047058105469,
    0.7649965882301331,
    0.7153898477554321,
    0.6662353277206421,
    0.638250470161438,
    0.615006685256958,
    0.600060224533081,
    0.5849936008453369,
    0.5804932117462158,
    0.5617762207984924,
    0.5560508966445923,
    0.548681378364563,
    0.5398387908935547,
    0.5354093313217163,
    0.5214915871620178,
    0.5190207958221436,
    0.5331138372421265,
    0.556159257888794,
    0.585309624671936,
    0.6167346239089966,
    0.6321648955345154,
    0.6561347246170044,
    0.6898993253707886,
    0.6962059736251831,
    0.6694822907447815,
    0.63972407579422,
    0.6087328195571899,
    0.5969883799552917,
    0.6184887886047363,
    0.6321927309036255,
    0.5775625109672546,
    0.7374081015586853,
    0.8263862133026123,
    0.7725008130073547,
    0.6277929544448853,
    0.6776774525642395,
    0.7320674657821655,
    0.65105140209198,
    0.5793423056602478,
    0.6160981059074402,
    0.623543918132782,
    0.6314809918403625,
    0.5820793509483337,
    0.6393041014671326,
    0.6654729247093201,
    0.6633514761924744,
    0.8072620630264282,
    0.9261059761047363,
    0.7790839672088623,
    0.8407662510871887,
    0.8913647532463074,
    1.0267442464828491,
    0.969136655330658,
    0.991655170917511,
    0.8909868597984314,
    0.855303168296814,
    0.8677998781204224,
    0.7969976663589478,
    0.9468314051628113,
    0.896436333656311,
    0.8299332857131958,
    0.8000977039337158,
    0.7520056366920471,
    0.7459520697593689,
    0.8549006581306458,
    0.799000084400177,
    0.8185703158378601,
    0.8177005648612976,
    0.7794232368469238,
    0.8890845775604248,
    0.7572699785232544,
    0.8567903637886047,
    0.8492857813835144,
    0.7453532814979553,
    0.8160513639450073,
    0.8833149075508118,
    0.9532634615898132,
    0.9938359260559082,
    0.825602650642395
  ],
  "trainable_parameter_count": 191680,
  "variant": "refresh_no_sufficiency"
}