{
  "analysis_group": "main",
  "answer_loss": 2.1138153672218323,
  "average_eval_step_time_seconds": 0.007126543263439089,
  "average_train_step_time_seconds": 0.016983586565280952,
  "bank_read_slots": 0.0,
  "benchmark": {
    "bank_size": 4,
    "context_segments": 10,
    "distractor_density": 3,
    "family": "needle",
    "gap_segments": 6,
    "local_window": 4,
    "mode": "easy",
    "num_distractors": 4,
    "pattern_length": 3,
    "refresh_count": 2,
    "seed": 11,
    "segment_length": 8,
    "symbol_pool_size": 8,
    "upper_layer_only_refresh": true,
    "vocab_size": 64
  },
  "decode_tokens_per_second": 4736.021101091939,
  "lm_loss": 1.209605649113655,
  "metric_name": "accuracy",
  "metric_value": 0.11979166883975267,
  "model": {
    "bank_size": 4,
    "block_size": 8,
    "causal": true,
    "d_model": 64,
    "debug_mode": true,
    "detail_anchor_first": true,
    "detail_anchor_last": true,
    "detail_enabled": false,
    "detail_gate_enabled": true,
    "detail_saliency_slots": 2,
    "detail_slots": 4,
    "detail_topk": 2,
    "dropout_p": 0.0,
    "latent_slots": 8,
    "local_window": 4,
    "memory_blocks": 4,
    "model_type": "srd_block_refresh",
    "num_heads": 4,
    "num_layers": 4,
    "num_local_layers_post": 1,
    "num_local_layers_pre": 1,
    "refresh_count": 2,
    "refresh_dim": 64,
    "refresh_enabled": false,
    "refresh_slots": 2,
    "segment_length": 8,
    "sufficiency_loss_weight": 0.0,
    "upper_layer_only_refresh": true,
    "use_refresh": false,
    "vocab_size": 64
  },
  "notes": "Benchmark `needle` ran with variant `local_only` at block_size=8, refresh_slots=2, bank_size=4, upper_layer_only_refresh=True.",
  "parameter_count": 191680,
  "peak_memory_bytes": 24679936.0,
  "segment_count": 10.0,
  "sufficiency_loss": 0.0,
  "sweep_name": "main",
  "task_category": "refresh_hostile",
  "task_label": "needle_long",
  "throughput_per_memory": 0.01091524644563736,
  "tokens_per_second": 269387.58370255755,
  "train_final_loss": 2.4109725952148438,
  "train_initial_loss": 5.586986541748047,
  "train_loss_curve": [
    5.586986541748047,
    5.667453289031982,
    5.287474632263184,
    5.401431083679199,
    4.968296051025391,
    4.719021797180176,
    4.476170539855957,
    4.231843948364258,
    4.157183647155762,
    3.8678176403045654,
    3.732161521911621,
    3.632087469100952,
    3.475742816925049,
    3.401975631713867,
    3.27026629447937,
    3.175804615020752,
    3.0781867504119873,
    2.9076192378997803,
    2.926222085952759,
    2.9721972942352295,
    2.848504066467285,
    2.813469409942627,
    2.699190139770508,
    2.6363253593444824,
    2.5901989936828613,
    2.5901875495910645,
    2.7017407417297363,
    2.6699914932250977,
    2.590886354446411,
    2.5346055030822754,
    2.4790029525756836,
    2.5029633045196533,
    2.5257277488708496,
    2.553380250930786,
    2.5214357376098633,
    2.495786666870117,
    2.5226387977600098,
    2.4728927612304688,
    2.4563868045806885,
    2.4901211261749268,
    2.521008014678955,
    2.5467536449432373,
    2.5724880695343018,
    2.5346667766571045,
    2.4425909519195557,
    2.4432859420776367,
    2.4445912837982178,
    2.443931818008423,
    2.4721479415893555,
    2.4737796783447266,
    2.443206787109375,
    2.488377332687378,
    2.4328413009643555,
    2.4357762336730957,
    2.359607696533203,
    2.3931832313537598,
    2.5256426334381104,
    2.366893768310547,
    2.457612991333008,
    2.44425106048584,
    2.468264102935791,
    2.3868980407714844,
    2.4529848098754883,
    2.421611785888672,
    2.453496217727661,
    2.42498517036438,
    2.4604485034942627,
    2.4430253505706787,
    2.4094395637512207,
    2.3876953125,
    2.465198516845703,
    2.493091106414795,
    2.417975664138794,
    2.4317636489868164,
    2.4437930583953857,
    2.3625717163085938,
    2.4663374423980713,
    2.5128345489501953,
    2.393793821334839,
    2.3471884727478027,
    2.5092625617980957,
    2.413708209991455,
    2.432919502258301,
    2.367187261581421,
    2.3879356384277344,
    2.3576951026916504,
    2.434401035308838,
    2.3452255725860596,
    2.4335012435913086,
    2.3948967456817627,
    2.4799911975860596,
    2.368258476257324,
    2.388248920440674,
    2.398045539855957,
    2.392909288406372,
    2.4015963077545166,
    2.363508701324463,
    2.4280951023101807,
    2.408090591430664,
    2.441786527633667,
    2.4066061973571777,
    2.3862171173095703,
    2.3885226249694824,
    2.381305694580078,
    2.351252794265747,
    2.364297389984131,
    2.37345552444458,
    2.3689143657684326,
    2.367257833480835,
    2.3821589946746826,
    2.407778263092041,
    2.3762404918670654,
    2.4013235569000244,
    2.4217169284820557,
    2.3912105560302734,
    2.4292948246002197,
    2.3987362384796143,
    2.3793349266052246,
    2.4327328205108643,
    2.4109725952148438
  ],
  "train_sufficiency_curve": [
    0.0,
    0.0,
    0.0,
    0.0,
    0.0,
    0.0,
    0.0,
    0.0,
    0.0,
    0.0,
    0.0,
    0.0,
    0.0,
    0.0,
    0.0,
    0.0,
    0.0,
    0.0,
    0.0,
    0.0,
    0.0,
    0.0,
    0.0,
    0.0,
    0.0,
    0.0,
    0.0,
    0.0,
    0.0,
    0.0,
    0.0,
    0.0,
    0.0,
    0.0,
    0.0,
    0.0,
    0.0,
    0.0,
    0.0,
    0.0,
    0.0,
    0.0,
    0.0,
    0.0,
    0.0,
    0.0,
    0.0,
    0.0,
    0.0,
    0.0,
    0.0,
    0.0,
    0.0,
    0.0,
    0.0,
    0.0,
    0.0,
    0.0,
    0.0,
    0.0,
    0.0,
    0.0,
    0.0,
    0.0,
    0.0,
    0.0,
    0.0,
    0.0,
    0.0,
    0.0,
    0.0,
    0.0,
    0.0,
    0.0,
    0.0,
    0.0,
    0.0,
    0.0,
    0.0,
    0.0,
    0.0,
    0.0,
    0.0,
    0.0,
    0.0,
    0.0,
    0.0,
    0.0,
    0.0,
    0.0,
    0.0,
    0.0,
    0.0,
    0.0,
    0.0,
    0.0,
    0.0,
    0.0,
    0.0,
    0.0,
    0.0,
    0.0,
    0.0,
    0.0,
    0.0,
    0.0,
    0.0,
    0.0,
    0.0,
    0.0,
    0.0,
    0.0,
    0.0,
    0.0,
    0.0,
    0.0,
    0.0,
    0.0,
    0.0,
    0.0
  ],
  "trainable_parameter_count": 191680,
  "variant": "local_only"
}