{
  "analysis_group": "main",
  "answer_loss": 2.1066943407058716,
  "average_eval_step_time_seconds": 0.005897651877603494,
  "average_train_step_time_seconds": 0.013940694933990017,
  "bank_read_slots": 0.0,
  "benchmark": {
    "bank_size": 4,
    "context_segments": 8,
    "distractor_density": 3,
    "family": "needle",
    "gap_segments": 3,
    "local_window": 4,
    "mode": "easy",
    "num_distractors": 4,
    "pattern_length": 3,
    "refresh_count": 2,
    "seed": 23,
    "segment_length": 8,
    "symbol_pool_size": 8,
    "upper_layer_only_refresh": true,
    "vocab_size": 64
  },
  "decode_tokens_per_second": 6016.2498408597,
  "lm_loss": 1.2478044778108597,
  "metric_name": "accuracy",
  "metric_value": 0.1302083353511989,
  "model": {
    "bank_size": 4,
    "block_size": 8,
    "causal": true,
    "d_model": 64,
    "debug_mode": true,
    "detail_anchor_first": true,
    "detail_anchor_last": true,
    "detail_enabled": false,
    "detail_gate_enabled": true,
    "detail_saliency_slots": 2,
    "detail_slots": 4,
    "detail_topk": 2,
    "dropout_p": 0.0,
    "latent_slots": 8,
    "local_window": 4,
    "memory_blocks": 4,
    "model_type": "srd_block_refresh",
    "num_heads": 4,
    "num_layers": 4,
    "num_local_layers_post": 1,
    "num_local_layers_pre": 1,
    "refresh_count": 2,
    "refresh_dim": 64,
    "refresh_enabled": false,
    "refresh_slots": 2,
    "segment_length": 8,
    "sufficiency_loss_weight": 0.0,
    "upper_layer_only_refresh": true,
    "use_refresh": false,
    "vocab_size": 64
  },
  "notes": "Benchmark `needle` ran with variant `local_only` at block_size=8, refresh_slots=2, bank_size=4, upper_layer_only_refresh=True.",
  "parameter_count": 191680,
  "peak_memory_bytes": 23779840.0,
  "segment_count": 8.0,
  "sufficiency_loss": 0.0,
  "sweep_name": "main",
  "task_category": "refresh_hostile",
  "task_label": "needle_ctx8",
  "throughput_per_memory": 0.010951024698727187,
  "tokens_per_second": 260413.61517178072,
  "train_final_loss": 2.4148318767547607,
  "train_initial_loss": 5.044015884399414,
  "train_loss_curve": [
    5.044015884399414,
    5.038644313812256,
    4.887298107147217,
    4.833400726318359,
    4.540255069732666,
    4.336912155151367,
    3.8617310523986816,
    3.740866184234619,
    3.4521114826202393,
    3.5094985961914062,
    3.2399139404296875,
    3.2331838607788086,
    3.2144482135772705,
    3.0880918502807617,
    2.955962657928467,
    2.8971474170684814,
    2.8232526779174805,
    2.87058687210083,
    2.7982263565063477,
    2.8005452156066895,
    2.708300828933716,
    2.647144317626953,
    2.6347122192382812,
    2.5787227153778076,
    2.5913307666778564,
    2.504537582397461,
    2.5016913414001465,
    2.5787763595581055,
    2.523541212081909,
    2.5448920726776123,
    2.4749488830566406,
    2.5698089599609375,
    2.5119788646698,
    2.4642016887664795,
    2.462980031967163,
    2.4564833641052246,
    2.652902364730835,
    2.5763120651245117,
    2.422877311706543,
    2.5450644493103027,
    2.4999427795410156,
    2.505841016769409,
    2.45651912689209,
    2.4803054332733154,
    2.4219963550567627,
    2.4655134677886963,
    2.378302574157715,
    2.4475066661834717,
    2.4714863300323486,
    2.537036895751953,
    2.454502582550049,
    2.4966628551483154,
    2.3839786052703857,
    2.4151740074157715,
    2.3706343173980713,
    2.429853916168213,
    2.3556957244873047,
    2.455956220626831,
    2.430971384048462,
    2.416621208190918,
    2.426917314529419,
    2.4691598415374756,
    2.464857339859009,
    2.452110528945923,
    2.395932674407959,
    2.416317939758301,
    2.4509708881378174,
    2.4136831760406494,
    2.3966989517211914,
    2.382340908050537,
    2.444314956665039,
    2.4059996604919434,
    2.4281888008117676,
    2.441483736038208,
    2.4574763774871826,
    2.4356937408447266,
    2.441384792327881,
    2.4809932708740234,
    2.3859617710113525,
    2.433605909347534,
    2.3731980323791504,
    2.4380602836608887,
    2.4031033515930176,
    2.423095226287842,
    2.426774501800537,
    2.429539442062378,
    2.400339365005493,
    2.386047601699829,
    2.397446870803833,
    2.416226387023926,
    2.4287796020507812,
    2.4068238735198975,
    2.39219069480896,
    2.4076895713806152,
    2.4191641807556152,
    2.423346757888794,
    2.4331464767456055,
    2.4399819374084473,
    2.3963570594787598,
    2.4148318767547607
  ],
  "train_sufficiency_curve": [
    0.0,
    0.0,
    0.0,
    0.0,
    0.0,
    0.0,
    0.0,
    0.0,
    0.0,
    0.0,
    0.0,
    0.0,
    0.0,
    0.0,
    0.0,
    0.0,
    0.0,
    0.0,
    0.0,
    0.0,
    0.0,
    0.0,
    0.0,
    0.0,
    0.0,
    0.0,
    0.0,
    0.0,
    0.0,
    0.0,
    0.0,
    0.0,
    0.0,
    0.0,
    0.0,
    0.0,
    0.0,
    0.0,
    0.0,
    0.0,
    0.0,
    0.0,
    0.0,
    0.0,
    0.0,
    0.0,
    0.0,
    0.0,
    0.0,
    0.0,
    0.0,
    0.0,
    0.0,
    0.0,
    0.0,
    0.0,
    0.0,
    0.0,
    0.0,
    0.0,
    0.0,
    0.0,
    0.0,
    0.0,
    0.0,
    0.0,
    0.0,
    0.0,
    0.0,
    0.0,
    0.0,
    0.0,
    0.0,
    0.0,
    0.0,
    0.0,
    0.0,
    0.0,
    0.0,
    0.0,
    0.0,
    0.0,
    0.0,
    0.0,
    0.0,
    0.0,
    0.0,
    0.0,
    0.0,
    0.0,
    0.0,
    0.0,
    0.0,
    0.0,
    0.0,
    0.0,
    0.0,
    0.0,
    0.0,
    0.0
  ],
  "trainable_parameter_count": 191680,
  "variant": "local_only"
}