{
  "analysis_group": "main",
  "answer_loss": 2.124425321817398,
  "average_eval_step_time_seconds": 0.005899434763705358,
  "average_train_step_time_seconds": 0.013560699109220878,
  "bank_read_slots": 0.0,
  "benchmark": {
    "bank_size": 4,
    "context_segments": 8,
    "distractor_density": 3,
    "family": "needle",
    "gap_segments": 3,
    "local_window": 4,
    "mode": "easy",
    "num_distractors": 4,
    "pattern_length": 3,
    "refresh_count": 2,
    "seed": 17,
    "segment_length": 8,
    "symbol_pool_size": 8,
    "upper_layer_only_refresh": true,
    "vocab_size": 64
  },
  "decode_tokens_per_second": 6053.772634002552,
  "lm_loss": 1.3477882891893387,
  "metric_name": "accuracy",
  "metric_value": 0.15625000558793545,
  "model": {
    "bank_size": 4,
    "block_size": 8,
    "causal": true,
    "d_model": 64,
    "debug_mode": true,
    "detail_anchor_first": true,
    "detail_anchor_last": true,
    "detail_enabled": false,
    "detail_gate_enabled": true,
    "detail_saliency_slots": 2,
    "detail_slots": 4,
    "detail_topk": 2,
    "dropout_p": 0.0,
    "latent_slots": 8,
    "local_window": 4,
    "memory_blocks": 4,
    "model_type": "srd_block_refresh",
    "num_heads": 4,
    "num_layers": 4,
    "num_local_layers_post": 1,
    "num_local_layers_pre": 1,
    "refresh_count": 2,
    "refresh_dim": 64,
    "refresh_enabled": false,
    "refresh_slots": 2,
    "segment_length": 8,
    "sufficiency_loss_weight": 0.0,
    "upper_layer_only_refresh": true,
    "use_refresh": false,
    "vocab_size": 64
  },
  "notes": "Benchmark `needle` ran with variant `local_only` at block_size=8, refresh_slots=2, bank_size=4, upper_layer_only_refresh=True.",
  "parameter_count": 191680,
  "peak_memory_bytes": 23779840.0,
  "segment_count": 8.0,
  "sufficiency_loss": 0.0,
  "sweep_name": "main",
  "task_category": "refresh_hostile",
  "task_label": "needle_ctx8",
  "throughput_per_memory": 0.010947640380812251,
  "tokens_per_second": 260333.1366332544,
  "train_final_loss": 2.400235891342163,
  "train_initial_loss": 5.289948463439941,
  "train_loss_curve": [
    5.289948463439941,
    5.133678436279297,
    5.101428985595703,
    5.131612777709961,
    4.580981254577637,
    4.634202003479004,
    3.9219918251037598,
    3.7471680641174316,
    3.8415353298187256,
    3.4757227897644043,
    3.4388251304626465,
    3.337489128112793,
    3.128941774368286,
    3.1430106163024902,
    3.0239417552948,
    2.9237465858459473,
    2.8530850410461426,
    2.767226457595825,
    2.794755220413208,
    2.731701135635376,
    2.7470602989196777,
    2.7841594219207764,
    2.497331380844116,
    2.624614715576172,
    2.570430278778076,
    2.530512809753418,
    2.5667917728424072,
    2.5482099056243896,
    2.5420758724212646,
    2.543386220932007,
    2.5231258869171143,
    2.485039472579956,
    2.464937925338745,
    2.455352306365967,
    2.5405707359313965,
    2.4762027263641357,
    2.5122294425964355,
    2.59562349319458,
    2.39007568359375,
    2.4169068336486816,
    2.5049490928649902,
    2.494739532470703,
    2.437246799468994,
    2.409817934036255,
    2.4993197917938232,
    2.5153422355651855,
    2.491837501525879,
    2.436229705810547,
    2.40144419670105,
    2.4571359157562256,
    2.496455669403076,
    2.5036847591400146,
    2.4600815773010254,
    2.446877956390381,
    2.4840195178985596,
    2.489758253097534,
    2.434108018875122,
    2.414574146270752,
    2.460745096206665,
    2.420494794845581,
    2.4017109870910645,
    2.426887035369873,
    2.474313497543335,
    2.4416117668151855,
    2.4012808799743652,
    2.3610739707946777,
    2.396456718444824,
    2.4122464656829834,
    2.432690143585205,
    2.3824048042297363,
    2.439772129058838,
    2.415703296661377,
    2.4164793491363525,
    2.4664976596832275,
    2.401890516281128,
    2.406836986541748,
    2.411400556564331,
    2.351861000061035,
    2.3824875354766846,
    2.3709495067596436,
    2.380056858062744,
    2.3892109394073486,
    2.376349449157715,
    2.3998632431030273,
    2.374715805053711,
    2.368952989578247,
    2.3935437202453613,
    2.380535840988159,
    2.3872931003570557,
    2.4007067680358887,
    2.38466739654541,
    2.366481304168701,
    2.4037461280822754,
    2.3907227516174316,
    2.3902814388275146,
    2.3855535984039307,
    2.399423122406006,
    2.407841920852661,
    2.373633623123169,
    2.400235891342163
  ],
  "train_sufficiency_curve": [
    0.0,
    0.0,
    0.0,
    0.0,
    0.0,
    0.0,
    0.0,
    0.0,
    0.0,
    0.0,
    0.0,
    0.0,
    0.0,
    0.0,
    0.0,
    0.0,
    0.0,
    0.0,
    0.0,
    0.0,
    0.0,
    0.0,
    0.0,
    0.0,
    0.0,
    0.0,
    0.0,
    0.0,
    0.0,
    0.0,
    0.0,
    0.0,
    0.0,
    0.0,
    0.0,
    0.0,
    0.0,
    0.0,
    0.0,
    0.0,
    0.0,
    0.0,
    0.0,
    0.0,
    0.0,
    0.0,
    0.0,
    0.0,
    0.0,
    0.0,
    0.0,
    0.0,
    0.0,
    0.0,
    0.0,
    0.0,
    0.0,
    0.0,
    0.0,
    0.0,
    0.0,
    0.0,
    0.0,
    0.0,
    0.0,
    0.0,
    0.0,
    0.0,
    0.0,
    0.0,
    0.0,
    0.0,
    0.0,
    0.0,
    0.0,
    0.0,
    0.0,
    0.0,
    0.0,
    0.0,
    0.0,
    0.0,
    0.0,
    0.0,
    0.0,
    0.0,
    0.0,
    0.0,
    0.0,
    0.0,
    0.0,
    0.0,
    0.0,
    0.0,
    0.0,
    0.0,
    0.0,
    0.0,
    0.0,
    0.0
  ],
  "trainable_parameter_count": 191680,
  "variant": "local_only"
}