{
  "analysis_group": "main",
  "answer_loss": 2.1093023121356964,
  "average_eval_step_time_seconds": 0.005887669249204919,
  "average_train_step_time_seconds": 0.013372995366808027,
  "bank_read_slots": 0.0,
  "benchmark": {
    "bank_size": 4,
    "context_segments": 8,
    "distractor_density": 3,
    "family": "needle",
    "gap_segments": 3,
    "local_window": 4,
    "mode": "easy",
    "num_distractors": 4,
    "pattern_length": 3,
    "refresh_count": 2,
    "seed": 11,
    "segment_length": 8,
    "symbol_pool_size": 8,
    "upper_layer_only_refresh": true,
    "vocab_size": 64
  },
  "decode_tokens_per_second": 6024.922144852377,
  "lm_loss": 1.2535280734300613,
  "metric_name": "accuracy",
  "metric_value": 0.1197916679084301,
  "model": {
    "bank_size": 4,
    "block_size": 8,
    "causal": true,
    "d_model": 64,
    "debug_mode": true,
    "detail_anchor_first": true,
    "detail_anchor_last": true,
    "detail_enabled": false,
    "detail_gate_enabled": true,
    "detail_saliency_slots": 2,
    "detail_slots": 4,
    "detail_topk": 2,
    "dropout_p": 0.0,
    "latent_slots": 8,
    "local_window": 4,
    "memory_blocks": 4,
    "model_type": "srd_block_refresh",
    "num_heads": 4,
    "num_layers": 4,
    "num_local_layers_post": 1,
    "num_local_layers_pre": 1,
    "refresh_count": 2,
    "refresh_dim": 64,
    "refresh_enabled": false,
    "refresh_slots": 2,
    "segment_length": 8,
    "sufficiency_loss_weight": 0.0,
    "upper_layer_only_refresh": true,
    "use_refresh": false,
    "vocab_size": 64
  },
  "notes": "Benchmark `needle` ran with variant `local_only` at block_size=8, refresh_slots=2, bank_size=4, upper_layer_only_refresh=True.",
  "parameter_count": 191680,
  "peak_memory_bytes": 23779840.0,
  "segment_count": 8.0,
  "sufficiency_loss": 0.0,
  "sweep_name": "main",
  "task_category": "refresh_hostile",
  "task_label": "needle_ctx8",
  "throughput_per_memory": 0.010969587888577782,
  "tokens_per_second": 260855.0448563175,
  "train_final_loss": 2.4577713012695312,
  "train_initial_loss": 5.645425796508789,
  "train_loss_curve": [
    5.645425796508789,
    5.371091842651367,
    5.2547502517700195,
    5.207787036895752,
    4.781619548797607,
    4.498687744140625,
    4.090865135192871,
    3.988896369934082,
    3.9657678604125977,
    3.620558261871338,
    3.611665964126587,
    3.3760077953338623,
    3.2593212127685547,
    3.1407999992370605,
    3.066850185394287,
    2.96683669090271,
    3.0059618949890137,
    2.7645986080169678,
    2.821178436279297,
    2.96690034866333,
    2.7996480464935303,
    2.7673518657684326,
    2.661233425140381,
    2.629218339920044,
    2.580314874649048,
    2.5258395671844482,
    2.714370012283325,
    2.678520441055298,
    2.5922584533691406,
    2.536716938018799,
    2.490640878677368,
    2.5057926177978516,
    2.525442123413086,
    2.5535788536071777,
    2.540095806121826,
    2.4805715084075928,
    2.51434063911438,
    2.46732234954834,
    2.4371337890625,
    2.450920581817627,
    2.523526191711426,
    2.5278754234313965,
    2.562077522277832,
    2.535247802734375,
    2.4403722286224365,
    2.4525718688964844,
    2.476189374923706,
    2.438634157180786,
    2.442309856414795,
    2.4542155265808105,
    2.454885482788086,
    2.424055337905884,
    2.4238836765289307,
    2.4331650733947754,
    2.390395164489746,
    2.401045083999634,
    2.495269775390625,
    2.3651747703552246,
    2.4500861167907715,
    2.4355380535125732,
    2.4765021800994873,
    2.391989231109619,
    2.477895498275757,
    2.3821582794189453,
    2.457815647125244,
    2.4172568321228027,
    2.487016439437866,
    2.4422366619110107,
    2.457397699356079,
    2.344470739364624,
    2.3835010528564453,
    2.459761381149292,
    2.40374493598938,
    2.400792121887207,
    2.43122935295105,
    2.363506317138672,
    2.44155216217041,
    2.4872775077819824,
    2.3885340690612793,
    2.3617730140686035,
    2.4927561283111572,
    2.3788957595825195,
    2.4226233959198,
    2.358525276184082,
    2.4214134216308594,
    2.379380464553833,
    2.4456162452697754,
    2.354870080947876,
    2.4066944122314453,
    2.356696844100952,
    2.455221176147461,
    2.3721859455108643,
    2.372955560684204,
    2.391130208969116,
    2.4013192653656006,
    2.396160364151001,
    2.385392427444458,
    2.464151382446289,
    2.3837783336639404,
    2.4577713012695312
  ],
  "train_sufficiency_curve": [
    0.0,
    0.0,
    0.0,
    0.0,
    0.0,
    0.0,
    0.0,
    0.0,
    0.0,
    0.0,
    0.0,
    0.0,
    0.0,
    0.0,
    0.0,
    0.0,
    0.0,
    0.0,
    0.0,
    0.0,
    0.0,
    0.0,
    0.0,
    0.0,
    0.0,
    0.0,
    0.0,
    0.0,
    0.0,
    0.0,
    0.0,
    0.0,
    0.0,
    0.0,
    0.0,
    0.0,
    0.0,
    0.0,
    0.0,
    0.0,
    0.0,
    0.0,
    0.0,
    0.0,
    0.0,
    0.0,
    0.0,
    0.0,
    0.0,
    0.0,
    0.0,
    0.0,
    0.0,
    0.0,
    0.0,
    0.0,
    0.0,
    0.0,
    0.0,
    0.0,
    0.0,
    0.0,
    0.0,
    0.0,
    0.0,
    0.0,
    0.0,
    0.0,
    0.0,
    0.0,
    0.0,
    0.0,
    0.0,
    0.0,
    0.0,
    0.0,
    0.0,
    0.0,
    0.0,
    0.0,
    0.0,
    0.0,
    0.0,
    0.0,
    0.0,
    0.0,
    0.0,
    0.0,
    0.0,
    0.0,
    0.0,
    0.0,
    0.0,
    0.0,
    0.0,
    0.0,
    0.0,
    0.0,
    0.0,
    0.0
  ],
  "trainable_parameter_count": 191680,
  "variant": "local_only"
}